this_section_number,film_title,film_director,film_year,film_running_time,text_section,choose_section,option_text_1,option_text_2,option_text_3,section_number_1,section_number_2,section_number_3,wiki_link
1,Dogtooth,Yorgos Lanthimos,2009,97,This is text.,Time to choose something different:,Option 1,Option 2,Option 3,39,247,248,https://en.wikipedia.org/wiki/Dogtooth_(film)
2,Shutter Island,Martin Scorsese,2010,138,This is text.,Time to choose something different:,Option 1,Option 2,Option 3,228,55,224,https://en.wikipedia.org/wiki/Shutter_Island_(film)
3,There Will Be Blood,Paul Thomas Anderson,2007,158,This is text.,Time to choose something different:,Option 1,Option 2,Option 3,30,86,225,https://en.wikipedia.org/wiki/There_Will_Be_Blood
4,Rent,Chris Columbus,1984,135,This is text.,Time to choose something different:,Option 1,Option 2,Option 3,56,215,168,https://en.wikipedia.org/wiki/Rent_(film)
5,Rock n Roll High School,Allan Arkush and Joe Dante,1979,93,This is text.,Time to choose something different:,Option 1,Option 2,Option 3,22,226,35,https://en.wikipedia.org/wiki/Rock_%27n%27_Roll_High_School
6,Parasite,Bong Joon Ho,2019,132,This is text.,Time to choose something different:,Option 1,Option 2,Option 3,93,139,49,https://en.wikipedia.org/wiki/Parasite_(2019_film)
7,Battleship Potemkin,Sergei Eisenstein,1925,66,This is text.,Time to choose something different:,Option 1,Option 2,Option 3,36,41,216,https://en.wikipedia.org/wiki/Battleship_Potemkin
8,The Producers,Mel Brooks,1967,88,This is text.,Time to choose something different:,Option 1,Option 2,Option 3,115,76,24,https://en.wikipedia.org/wiki/The_Producers_(1967_film)
9,Rabid,David Cronenberg,1977,91,This is text.,Time to choose something different:,Option 1,Option 2,Option 3,157,230,188,https://en.wikipedia.org/wiki/Rabid_(1977_film)
10,The Five Obstructions,Lars von Trier,2003,103,This is text.,Time to choose something different:,Option 1,Option 2,Option 3,240,250,100,https://en.wikipedia.org/wiki/The_Five_Obstructions
11,Fitzcarraldo,Werner Herzog,1982,158,This is text.,Time to choose something different:,Option 1,Option 2,Option 3,48,22,106,https://en.wikipedia.org/wiki/Fitzcarraldo
12,My Best Fiend,Werner Herzog,1999,95,This is text.,Time to choose something different:,Option 1,Option 2,Option 3,40,9,125,https://en.wikipedia.org/wiki/My_Best_Fiend
13,L'Age d'Or,Luis Buñuel,1930,60,This is text.,Time to choose something different:,Option 1,Option 2,Option 3,224,89,213,https://en.wikipedia.org/wiki/L%27Age_d%27Or
14,Un Chien Andalou,Luis Buñuel,1929,21,This is text.,Time to choose something different:,Option 1,Option 2,Option 3,130,134,174,https://en.wikipedia.org/wiki/Un_Chien_Andalou
15,Enigma of Kaspar Hauser,Werner Herzog,1974,110,This is text.,Time to choose something different:,Option 1,Option 2,Option 3,61,40,175,https://en.wikipedia.org/wiki/The_Enigma_of_Kaspar_Hauser
16,Nosferatu the Vampyre,Werner Herzog,1979,107,This is text.,Time to choose something different:,Option 1,Option 2,Option 3,233,145,25,https://en.wikipedia.org/wiki/Nosferatu_the_Vampyre
17,The Master,Paul Thomas Anderson,2012,138,This is text.,Time to choose something different:,Option 1,Option 2,Option 3,154,189,229,https://en.wikipedia.org/wiki/Master_(2012_film)
18,Nimic,Yorgos Lanthimos,2019,12,This is text.,Time to choose something different:,Option 1,Option 2,Option 3,99,77,160,NONE
19,Dottie Gets Spanked,Todd Haynes,1993,45,This is text.,Time to choose something different:,Option 1,Option 2,Option 3,52,131,113,NONE
20,Putney Swope,"Robert Downey, Sr.",1969,84,This is text.,Time to choose something different:,Option 1,Option 2,Option 3,245,2,4,https://en.wikipedia.org/wiki/Putney_Swope
21,Fata Morgana,Werner Herzog,1971,79,This is text.,Time to choose something different:,Option 1,Option 2,Option 3,139,241,11,https://en.wikipedia.org/wiki/Fata_Morgana_(1971_film)
22,Dementia 13,Francis Ford Coppola,1963,81,This is text.,Time to choose something different:,Option 1,Option 2,Option 3,151,166,37,https://en.wikipedia.org/wiki/Dementia_13
23,Fast Company,David Cronenberg,1979,91,This is text.,Time to choose something different:,Option 1,Option 2,Option 3,234,114,170,https://en.wikipedia.org/wiki/Fast_Company_(1979_film)
24,Carol,Todd Haynes,2015,118,This is text.,Time to choose something different:,Option 1,Option 2,Option 3,58,149,104,https://en.wikipedia.org/wiki/Carol_(film)
25,I'm Not There,Todd Haynes,2007,135,This is text.,Time to choose something different:,Option 1,Option 2,Option 3,166,125,246,https://en.wikipedia.org/wiki/I%27m_Not_There
26,Bad Lieutenant: Port of Call New Orleans,Werner Herzog,2009,122,This is text.,Time to choose something different:,Option 1,Option 2,Option 3,186,24,161,https://en.wikipedia.org/wiki/Bad_Lieutenant:_Port_of_Call_New_Orleans
27,Le Samourai,Jean-Pierre Melville,1967,101,This is text.,Time to choose something different:,Option 1,Option 2,Option 3,94,213,154,https://en.wikipedia.org/wiki/Le_Samoura%C3%AF
28,Kamikaze 1989,Wolf Gremm,1982,106,This is text.,Time to choose something different:,Option 1,Option 2,Option 3,67,138,103,https://en.wikipedia.org/wiki/Kamikaze_1989
29,Cecil B. Demented,John Waters,2000,87,This is text.,Time to choose something different:,Option 1,Option 2,Option 3,152,218,127,https://en.wikipedia.org/wiki/Cecil_B._Demented
30,Ieri Oggi Domani,Vittorio De Sica,1963,119,This is text.,Time to choose something different:,Option 1,Option 2,Option 3,137,88,114,"https://en.wikipedia.org/wiki/Yesterday,_Today_and_Tomorrow"
31,The Maid (2009),Sebastian Silva,2009,115,This is text.,Time to choose something different:,Option 1,Option 2,Option 3,114,212,54,https://en.wikipedia.org/wiki/The_Maid_(2009_film)
32,Rodin,Jacques Doillon,2017,119,This is text.,Time to choose something different:,Option 1,Option 2,Option 3,189,210,33,https://en.wikipedia.org/wiki/Rodin_(film)
33,Eiffel,Martin Bourboulon,2021,115,This is text.,Time to choose something different:,Option 1,Option 2,Option 3,2,17,190,https://en.wikipedia.org/wiki/Eiffel_(film)
34,Joan of Arc,Bruno Dumont,2019,138,This is text.,Time to choose something different:,Option 1,Option 2,Option 3,55,182,134,https://en.wikipedia.org/wiki/Joan_of_Arc_(2019_film)
35,Gainsbourg: A Heroic Life,Joann Sfar,2010,130,This is text.,Time to choose something different:,Option 1,Option 2,Option 3,183,146,135,https://en.wikipedia.org/wiki/Gainsbourg:_A_Heroic_Life
36,Grizzly Man,Werner Herzog,2005,104,This is text.,Time to choose something different:,Option 1,Option 2,Option 3,148,239,143,https://en.wikipedia.org/wiki/Grizzly_Man
37,Woyzeck,Werner Herzog,1979,82,This is text.,Time to choose something different:,Option 1,Option 2,Option 3,211,98,242,https://en.wikipedia.org/wiki/Woyzeck_(1979_film)
38,A Trip to the Moon,Byron Haskin,1902,18,This is text.,Time to choose something different:,Option 1,Option 2,Option 3,182,57,194,https://en.wikipedia.org/wiki/A_Trip_to_the_Moon
39,Haxan,Benjamin Christensen,1922,105,This is text.,Time to choose something different:,Option 1,Option 2,Option 3,66,7,105,https://en.wikipedia.org/wiki/H%C3%A4xan
40,Superstar: The Karen Carpenter Story,Todd Haynes,1987,43,This is text.,Time to choose something different:,Option 1,Option 2,Option 3,54,151,47,https://en.wikipedia.org/wiki/Superstar:_The_Karen_Carpenter_Story
41,Poison,Todd Haynes,1991,85,This is text.,Time to choose something different:,Option 1,Option 2,Option 3,15,245,197,https://en.wikipedia.org/wiki/Poison_(1991_film)
42,Monsieur Hulot's Holiday,Jacques Tati,1963,114,This is text.,Time to choose something different:,Option 1,Option 2,Option 3,220,240,153,https://en.wikipedia.org/wiki/Les_Vacances_de_Monsieur_Hulot
43,Munchhausen,Josef von Báky,1943,130,This is text.,Time to choose something different:,Option 1,Option 2,Option 3,42,47,221,https://en.wikipedia.org/wiki/M%C3%BCnchhausen_(1943_film)
44,Lynch/Oz,Alexandre O. Philippe,2022,108,This is text.,Time to choose something different:,Option 1,Option 2,Option 3,150,3,58,https://en.wikipedia.org/wiki/Lynch/Oz
45,Titicut Follies,Frederick Wiseman,1967,84,This is text.,Time to choose something different:,Option 1,Option 2,Option 3,69,205,10,https://en.wikipedia.org/wiki/Titicut_Follies
46,The Bicycle Thief,Vittorio De Sica,1948,93,This is text.,Time to choose something different:,Option 1,Option 2,Option 3,5,52,98,https://en.wikipedia.org/wiki/Bicycle_Thieves
47,The Baby,Ted Post,1973,89,This is text.,Time to choose something different:,Option 1,Option 2,Option 3,98,242,195,https://en.wikipedia.org/wiki/The_Baby_(film)
48,The Steamroller and the Violin,Andrei Tarkovsky,1961,45,This is text.,Time to choose something different:,Option 1,Option 2,Option 3,169,227,95,https://en.wikipedia.org/wiki/The_Steamroller_and_the_Violin
49,Ivan's Childhood,Andrei Tarkovsky,1962,95,This is text.,Time to choose something different:,Option 1,Option 2,Option 3,173,96,30,https://en.wikipedia.org/wiki/Ivan%27s_Childhood
50,Bad Taste,Peter Jackson,1987,91,This is text.,Time to choose something different:,Option 1,Option 2,Option 3,21,59,72,https://en.wikipedia.org/wiki/Bad_Taste
51,Blood for Dracula,Paul Morrissey,1974,106,This is text.,Time to choose something different:,Option 1,Option 2,Option 3,205,5,12,https://en.wikipedia.org/wiki/Blood_for_Dracula
52,Flesh for Frankenstein,Paul Morrissey,1973,95,This is text.,Time to choose something different:,Option 1,Option 2,Option 3,172,124,238,https://en.wikipedia.org/wiki/Flesh_for_Frankenstein
53,Star Trek 2: The Wrath of Khan,Nicholas Meyer,1982,113,This is text.,Time to choose something different:,Option 1,Option 2,Option 3,90,243,187,https://en.wikipedia.org/wiki/Star_Trek_II:_The_Wrath_of_Khan
54,A Cat In Paris,Jean-Loup Felicioli,2010,70,This is text.,Time to choose something different:,Option 1,Option 2,Option 3,146,208,81,https://en.wikipedia.org/wiki/A_Cat_in_Paris
55,The Man Who Killed Don Quixote,Terry Gilliam,2018,133,This is text.,Time to choose something different:,Option 1,Option 2,Option 3,91,177,236,https://en.wikipedia.org/wiki/The_Man_Who_Killed_Don_Quixote
56,Delicatessen,Jean-Pierre Jeunet and Marc Caro,1991,99,This is text.,Time to choose something different:,Option 1,Option 2,Option 3,7,21,204,https://en.wikipedia.org/wiki/Delicatessen_(1991_film)
57,Cobra Verde,Werner Herzog,1987,111,This is text.,Time to choose something different:,Option 1,Option 2,Option 3,47,45,123,https://en.wikipedia.org/wiki/Cobra_Verde
58,Un Flic,Jean-Pierre Melville,1972,98,This is text.,Time to choose something different:,Option 1,Option 2,Option 3,126,135,56,https://en.wikipedia.org/wiki/Un_flic
59,Stroszek,Werner Herzog,1977,107,This is text.,Time to choose something different:,Option 1,Option 2,Option 3,203,171,133,https://en.wikipedia.org/wiki/Stroszek
60,The Rabbi's Cat,Joann Sfar,2011,100,This is text.,Time to choose something different:,Option 1,Option 2,Option 3,184,142,133,https://en.wikipedia.org/wiki/The_Rabbi%27s_Cat_(film)
61,Heart of Glass,Werner Herzog,1976,94,This is text.,Time to choose something different:,Option 1,Option 2,Option 3,101,109,15,https://en.wikipedia.org/wiki/Heart_of_Glass_(film)
62,Early Short Films of the French New Wave (19),various,various,various,This is text.,Time to choose something different:,Option 1,Option 2,Option 3,243,163,18,NONE
63,Lessons of Darkness,Werner Herzog,1992,54,This is text.,Time to choose something different:,Option 1,Option 2,Option 3,50,58,84,https://en.wikipedia.org/wiki/Lessons_of_Darkness
64,"My Son, My Son, What Have Ye Done",Werner Herzog,2009,91,This is text.,Time to choose something different:,Option 1,Option 2,Option 3,19,67,226,"https://en.wikipedia.org/wiki/My_Son,_My_Son,_What_Have_Ye_Done"
65,The Wild Blue Yonder,Werner Herzog,2005,81,This is text.,Time to choose something different:,Option 1,Option 2,Option 3,176,94,121,https://en.wikipedia.org/wiki/The_Wild_Blue_Yonder_(2005_film)
66,Signs of Life,Werner Herzog,1968,95,This is text.,Time to choose something different:,Option 1,Option 2,Option 3,9,128,145,https://en.wikipedia.org/wiki/Signs_of_Life_(1968_film)
67,Where the Green Ants Dream,Werner Herzog,1984,100,This is text.,Time to choose something different:,Option 1,Option 2,Option 3,204,133,2,https://en.wikipedia.org/wiki/Where_the_Green_Ants_Dream
68,Little Dieter Needs to Fly,Werner Herzog,1997,80,This is text.,Time to choose something different:,Option 1,Option 2,Option 3,109,197,77,https://en.wikipedia.org/wiki/Little_Dieter_Needs_to_Fly
69,Rescue Dawn,Werner Herzog,2006,120,This is text.,Time to choose something different:,Option 1,Option 2,Option 3,210,192,36,https://en.wikipedia.org/wiki/Rescue_Dawn
70,Kinetta,Yorgos Lanthimos,2005,95,This is text.,Time to choose something different:,Option 1,Option 2,Option 3,247,51,43,https://en.wikipedia.org/wiki/Kinetta_(film)
71,Alps,Yorgos Lanthimos,2011,93,This is text.,Time to choose something different:,Option 1,Option 2,Option 3,32,8,39,https://en.wikipedia.org/wiki/Alps_(film)
72,We Are All Going to the World's Fair,Jane Schoenbrun,2021,86,This is text.,Time to choose something different:,Option 1,Option 2,Option 3,74,167,201,https://en.wikipedia.org/wiki/We%27re_All_Going_to_the_World%27s_Fair
73,The Babadook,Jennifer Kent,2014,94,This is text.,Time to choose something different:,Option 1,Option 2,Option 3,206,87,149,https://en.wikipedia.org/wiki/The_Babadook
74,Kinky Boots,Julian Jarrold,2005,107,This is text.,Time to choose something different:,Option 1,Option 2,Option 3,216,186,38,https://en.wikipedia.org/wiki/Kinky_Boots_(film)
75,Titane,Julia Ducournau,2021,108,This is text.,Time to choose something different:,Option 1,Option 2,Option 3,46,63,64,https://en.wikipedia.org/wiki/Titane
76,Crimes of the Future,David Cronenberg,2022,107,This is text.,Time to choose something different:,Option 1,Option 2,Option 3,92,112,200,https://en.wikipedia.org/wiki/Crimes_of_the_Future_(2022_film)
77,Paint Your Wagon,Joshua Logan,1969,164,This is text.,Time to choose something different:,Option 1,Option 2,Option 3,65,136,69,https://en.wikipedia.org/wiki/Paint_Your_Wagon_(film)
78,Jacques Brel Is Alive and Well and Living in Paris,Denis Héroux,1975,98,This is text.,Time to choose something different:,Option 1,Option 2,Option 3,10,136,17,https://en.wikipedia.org/wiki/Jacques_Brel_is_Alive_and_Well_and_Living_in_Paris
79,Betty Boop Confidential,various,various,various,This is text.,Time to choose something different:,Option 1,Option 2,Option 3,198,34,148,NONE
80,God's Angry Man,Werner Herzog,1981,48,This is text.,Time to choose something different:,Option 1,Option 2,Option 3,181,78,55,https://en.wikipedia.org/wiki/God%27s_Angry_Man
81,The Great Ecstasy of the Woodcarver Steiner,Werner Herzog,1974,45,This is text.,Time to choose something different:,Option 1,Option 2,Option 3,181,72,3,https://en.wikipedia.org/wiki/The_Great_Ecstasy_of_Woodcarver_Steiner
82,Invincible,Werner Herzog,2001,135,This is text.,Time to choose something different:,Option 1,Option 2,Option 3,199,74,129,https://en.wikipedia.org/wiki/Invincible_(2001_theatrical_film)
83,Herdsmen of the Sun,Werner Herzog,1989,52,This is text.,Time to choose something different:,Option 1,Option 2,Option 3,136,199,23,https://en.wikipedia.org/wiki/Herdsmen_of_the_Sun
84,Queen of the Desert,Werner Herzog,2015,128,This is text.,Time to choose something different:,Option 1,Option 2,Option 3,177,16,210,https://en.wikipedia.org/wiki/Queen_of_the_Desert_(film)
85,Salt and Fire,Werner Herzog,2016,98,This is text.,Time to choose something different:,Option 1,Option 2,Option 3,118,99,151,https://en.wikipedia.org/wiki/Salt_and_Fire
86,Wings of Hope,Werner Herzog,1998,70,This is text.,Time to choose something different:,Option 1,Option 2,Option 3,225,19,118,https://en.wikipedia.org/wiki/Wings_of_Hope_(film)
87,Wheel of Time,Werner Herzog,2003,80,This is text.,Time to choose something different:,Option 1,Option 2,Option 3,96,200,27,https://en.wikipedia.org/wiki/Wheel_of_Time_(film)
88,"Lo and Behold, Reveries of the Connected World",Werner Herzog,2016,98,This is text.,Time to choose something different:,Option 1,Option 2,Option 3,105,39,184,"https://en.wikipedia.org/wiki/Lo_and_Behold,_Reveries_of_the_Connected_World"
89,Ballad of the Little Soldier,Werner Herzog,1984,46,This is text.,Time to choose something different:,Option 1,Option 2,Option 3,212,150,232,https://en.wikipedia.org/wiki/Ballad_of_the_Little_Soldier
90,Encounters at the End of the World,Werner Herzog,2007,99,This is text.,Time to choose something different:,Option 1,Option 2,Option 3,120,69,157,https://en.wikipedia.org/wiki/Encounters_at_the_End_of_the_World
91,The Flying Doctors of East Africa,Werner Herzog,1969,45,This is text.,Time to choose something different:,Option 1,Option 2,Option 3,25,193,9,https://en.wikipedia.org/wiki/The_Flying_Doctors_of_East_Africa
92,How Much Wood Would a Woodchuck Chuck,Werner Herzog,1976,44,This is text.,Time to choose something different:,Option 1,Option 2,Option 3,95,236,146,https://en.wikipedia.org/wiki/How_Much_Wood_Would_a_Woodchuck_Chuck_(film)
93,Handicapped Future,Werner Herzog,1971,43,This is text.,Time to choose something different:,Option 1,Option 2,Option 3,241,25,176,https://en.wikipedia.org/wiki/Handicapped_Future
94,Huie's Sermon,Werner Herzog,1981,40,This is text.,Time to choose something different:,Option 1,Option 2,Option 3,144,147,91,https://en.wikipedia.org/wiki/Huie%27s_Sermon
95,The Dark Glow of the Mountains,Werner Herzog,1985,45,This is text.,Time to choose something different:,Option 1,Option 2,Option 3,41,1,212,https://en.wikipedia.org/wiki/The_Dark_Glow_of_the_Mountains
96,Nomad: In the Footsteps of Bruce Chatwin,Werner Herzog,2019,89,This is text.,Time to choose something different:,Option 1,Option 2,Option 3,135,50,67,https://en.wikipedia.org/wiki/Nomad:_In_the_Footsteps_of_Bruce_Chatwin
97,Echoes from a Somber Empire,Werner Herzog,1990,91,This is text.,Time to choose something different:,Option 1,Option 2,Option 3,11,202,185,https://en.wikipedia.org/wiki/Echoes_from_a_Sombre_Empire
98,Into the Abyss,Werner Herzog,2011,105,This is text.,Time to choose something different:,Option 1,Option 2,Option 3,215,90,156,https://en.wikipedia.org/wiki/Into_the_Abyss_(film)
99,Jag Mandir,Werner Herzog,1991,85,This is text.,Time to choose something different:,Option 1,Option 2,Option 3,145,232,167,https://en.wikipedia.org/wiki/Jag_Mandir_(film)
100,The White Diamond,Werner Herzog,2004,90,This is text.,Time to choose something different:,Option 1,Option 2,Option 3,1,204,239,https://en.wikipedia.org/wiki/The_White_Diamond
101,Happy People: A Year in the Taiga,Werner Herzog,2010,90,This is text.,Time to choose something different:,Option 1,Option 2,Option 3,88,188,211,https://en.wikipedia.org/wiki/Happy_People:_A_Year_in_the_Taiga
102,Bells from the Deep,Werner Herzog,1993,60,This is text.,Time to choose something different:,Option 1,Option 2,Option 3,250,113,26,https://en.wikipedia.org/wiki/Bells_from_the_Deep
103,Gesualdo: Death for Five Voices,Werner Herzog,1995,60,This is text.,Time to choose something different:,Option 1,Option 2,Option 3,235,172,205,https://en.wikipedia.org/wiki/Gesualdo:_Death_for_Five_Voices
104,Meeting Gorbachev,Werner Herzog,2018,90,This is text.,Time to choose something different:,Option 1,Option 2,Option 3,127,221,80,https://en.wikipedia.org/wiki/Meeting_Gorbachev
105,The Fire Within: Requiem for Katia and Maurice Krafft,Werner Herzog,2022,81,This is text.,Time to choose something different:,Option 1,Option 2,Option 3,51,217,136,https://en.wikipedia.org/wiki/The_Fire_Within:_A_Requiem_for_Katia_and_Maurice_Krafft
106,Werner Herzog Short Films,Les Blank,various,various,This is text.,Time to choose something different:,Option 1,Option 2,Option 3,83,155,70,NONE
107,Gates of Heaven,Errol Morris,1978,85,This is text.,Time to choose something different:,Option 1,Option 2,Option 3,156,28,164,https://en.wikipedia.org/wiki/Gates_of_Heaven
108,"Vernon, Florida",Errol Morris,1981,55,This is text.,Time to choose something different:,Option 1,Option 2,Option 3,163,100,144,"https://en.wikipedia.org/wiki/Vernon,_Florida_(film)"
109,The Thin Blue Line,Errol Morris,1988,103,This is text.,Time to choose something different:,Option 1,Option 2,Option 3,73,60,90,https://en.wikipedia.org/wiki/The_Thin_Blue_Line_(1988_film)
110,The Fog of War: Eleven Lessons from the Life of Robert S. Macnamara,Errol Morris,2003,107,This is text.,Time to choose something different:,Option 1,Option 2,Option 3,238,10,40,https://en.wikipedia.org/wiki/The_Fog_of_War
111,The Killing Fields,Roland Joffé,1984,141,This is text.,Time to choose something different:,Option 1,Option 2,Option 3,24,122,140,https://en.wikipedia.org/wiki/The_Killing_Fields_(film)
112,King Corn,Aaron Woolf,2007,90,This is text.,Time to choose something different:,Option 1,Option 2,Option 3,197,211,147,https://en.wikipedia.org/wiki/King_Corn_(film)
113,Once Upon a Time in America,Sergio Leone,1984,229,This is text.,Time to choose something different:,Option 1,Option 2,Option 3,219,185,112,https://en.wikipedia.org/wiki/Once_Upon_a_Time_in_America
114,Spring Breakers,Harmony Korine,2012,94,This is text.,Time to choose something different:,Option 1,Option 2,Option 3,28,144,162,https://en.wikipedia.org/wiki/Spring_Breakers
115,Red Army,Gabe Polsky,2014,85,This is text.,Time to choose something different:,Option 1,Option 2,Option 3,113,107,203,https://en.wikipedia.org/wiki/Red_Army_(film)
116,Cool World,Ralph Bakshi,1992,147,This is text.,Time to choose something different:,Option 1,Option 2,Option 3,141,159,96,https://en.wikipedia.org/wiki/Cool_World
117,Interstellar,Christopher Nolan,2014,169,This is text.,Time to choose something different:,Option 1,Option 2,Option 3,190,103,32,https://en.wikipedia.org/wiki/Interstellar_(film)
118,Hotel Rwanda,Terry George,2004,121,This is text.,Time to choose something different:,Option 1,Option 2,Option 3,64,237,21,https://en.wikipedia.org/wiki/Hotel_Rwanda
119,Everything Everywhere All At Once,Daniel Scheinert and Daniel Kwan,2022,139,This is text.,Time to choose something different:,Option 1,Option 2,Option 3,179,228,222,https://en.wikipedia.org/wiki/Everything_Everywhere_All_at_Once
120,Jodorowsky's Dune,Frank Pavich,2013,90,This is text.,Time to choose something different:,Option 1,Option 2,Option 3,87,43,159,https://en.wikipedia.org/wiki/Jodorowsky%27s_Dune
121,Plague Dogs,Martin Rosen,1982,103,This is text.,Time to choose something different:,Option 1,Option 2,Option 3,53,20,230,https://en.wikipedia.org/wiki/The_Plague_Dogs_(film)
122,True Grit,Ethan Coen and Joel Coen,2010,110,This is text.,Time to choose something different:,Option 1,Option 2,Option 3,149,65,158,https://en.wikipedia.org/wiki/True_Grit_(2010_film)
123,The Wiz,Sidney Lumet,1978,136,This is text.,Time to choose something different:,Option 1,Option 2,Option 3,104,178,128,https://en.wikipedia.org/wiki/The_Wiz_(film)
124,Before the Devil Knows You're Dead,Sidney Lumet,2007,117,This is text.,Time to choose something different:,Option 1,Option 2,Option 3,131,137,6,https://en.wikipedia.org/wiki/Before_the_Devil_Knows_You%27re_Dead
125,To Live and Die in LA,William Friedkin,1985,116,This is text.,Time to choose something different:,Option 1,Option 2,Option 3,108,129,41,https://en.wikipedia.org/wiki/To_Live_and_Die_in_L.A._(film)
126,Bad Lieutenant,Abel Ferrara,1992,96,This is text.,Time to choose something different:,Option 1,Option 2,Option 3,37,143,155,https://en.wikipedia.org/wiki/Bad_Lieutenant
127,King of New York,Abel Ferrara,1990,109,This is text.,Time to choose something different:,Option 1,Option 2,Option 3,4,141,166,https://en.wikipedia.org/wiki/King_of_New_York
128,New Jack City,Mario Van Peebles,1991,100,This is text.,Time to choose something different:,Option 1,Option 2,Option 3,192,15,83,https://en.wikipedia.org/wiki/New_Jack_City
129,Welcome to the Dollhouse,Todd Solondz,1995,87,This is text.,Time to choose something different:,Option 1,Option 2,Option 3,196,18,29,https://en.wikipedia.org/wiki/Welcome_to_the_Dollhouse
130,Menace II Society,Allen Hughes and Albert Hughes,1993,97,This is text.,Time to choose something different:,Option 1,Option 2,Option 3,221,154,14,https://en.wikipedia.org/wiki/Menace_II_Society
131,Friday,F. Gary Gray,1995,97,This is text.,Time to choose something different:,Option 1,Option 2,Option 3,77,32,76,https://en.wikipedia.org/wiki/Friday_(1995_film)
132,Frances Ha,Noah Baumbach,2012,86,This is text.,Time to choose something different:,Option 1,Option 2,Option 3,107,244,202,https://en.wikipedia.org/wiki/Frances_Ha
133,Killer of Sheep,Charles Burnett,1978,75,This is text.,Time to choose something different:,Option 1,Option 2,Option 3,68,161,180,https://en.wikipedia.org/wiki/Killer_of_Sheep
134,The Hudsucker Proxy,Joel Coen,1994,111,This is text.,Time to choose something different:,Option 1,Option 2,Option 3,239,104,163,https://en.wikipedia.org/wiki/The_Hudsucker_Proxy
135,Metropolis,Fritz Lang,1927,114,This is text.,Time to choose something different:,Option 1,Option 2,Option 3,160,116,250,https://en.wikipedia.org/wiki/Metropolis_(1927_film)
136,The Red Shoes,Emeric Pressburger and Michael Powell,1948,133,This is text.,Time to choose something different:,Option 1,Option 2,Option 3,44,118,22,https://en.wikipedia.org/wiki/The_Red_Shoes_(1948_film)
137,Black Narcissus,Emeric Pressburger and Michael Powell,1947,100,This is text.,Time to choose something different:,Option 1,Option 2,Option 3,202,92,117,https://en.wikipedia.org/wiki/Black_Narcissus
138,Peeping Tom,Michael Powell,1960,86,This is text.,Time to choose something different:,Option 1,Option 2,Option 3,86,82,177,https://en.wikipedia.org/wiki/Peeping_Tom_(1960_film)
139,Shivers,David Cronenberg,1975,87,This is text.,Time to choose something different:,Option 1,Option 2,Option 3,31,169,181,https://en.wikipedia.org/wiki/Shivers_(1975_film)
140,Cosmopolis,David Cronenberg,2012,109,This is text.,Time to choose something different:,Option 1,Option 2,Option 3,248,37,247,https://en.wikipedia.org/wiki/Cosmopolis_(film)
141,Bonfire of the Vanities,Brian De Palma,1990,125,This is text.,Time to choose something different:,Option 1,Option 2,Option 3,33,224,233,https://en.wikipedia.org/wiki/The_Bonfire_of_the_Vanities_(film)
142,The Accidental Tourist,Lawrence Kasdan,1988,121,This is text.,Time to choose something different:,Option 1,Option 2,Option 3,72,93,241,https://en.wikipedia.org/wiki/The_Accidental_Tourist_(film)
143,Cleo from 5 to 7,Agnès Varda,1962,90,This is text.,Time to choose something different:,Option 1,Option 2,Option 3,201,180,235,https://en.wikipedia.org/wiki/Cl%C3%A9o_from_5_to_7
144,The Umbrellas of Cherbourg,Jacques Demy,1964,91,This is text.,Time to choose something different:,Option 1,Option 2,Option 3,178,127,244,https://en.wikipedia.org/wiki/The_Umbrellas_of_Cherbourg
145,Black Orpheus,Marcel Camus,1959,100,This is text.,Time to choose something different:,Option 1,Option 2,Option 3,84,70,124,https://en.wikipedia.org/wiki/Black_Orpheus
146,Orpheus,Jean Cocteau,1950,95,This is text.,Time to choose something different:,Option 1,Option 2,Option 3,123,203,52,https://en.wikipedia.org/wiki/Orpheus_(film)
147,Les Parents Terribles,Jean Cocteau,1948,105,This is text.,Time to choose something different:,Option 1,Option 2,Option 3,45,234,179,https://en.wikipedia.org/wiki/Les_Parents_terribles_(1948_film)
148,The 400 Blows,François Truffaut,1959,100,This is text.,Time to choose something different:,Option 1,Option 2,Option 3,70,91,152,https://en.wikipedia.org/wiki/The_400_Blows
149,Jules et Jim,François Truffaut,1962,105,This is text.,Time to choose something different:,Option 1,Option 2,Option 3,16,79,88,https://en.wikipedia.org/wiki/Jules_and_Jim
150,Hitchcock/Truffaut,Kent Jones,2015,80,This is text.,Time to choose something different:,Option 1,Option 2,Option 3,214,61,218,https://en.wikipedia.org/wiki/Hitchcock/Truffaut_(film)
151,Vivre sa Vie,Jean-Luc Godard,1962,85,This is text.,Time to choose something different:,Option 1,Option 2,Option 3,232,174,5,https://en.wikipedia.org/wiki/Vivre_sa_vie
152,Contempt,Jean-Luc Godard,1963,102,This is text.,Time to choose something different:,Option 1,Option 2,Option 3,217,140,63,https://en.wikipedia.org/wiki/Contempt_(film)
153,La Chinoise,Jean-Luc Godard,1967,96,This is text.,Time to choose something different:,Option 1,Option 2,Option 3,129,35,192,https://en.wikipedia.org/wiki/La_Chinoise
154,Johnny Guitar,Nicholas Ray,1954,111,This is text.,Time to choose something different:,Option 1,Option 2,Option 3,71,97,169,https://en.wikipedia.org/wiki/Johnny_Guitar
155,Asphalt Jungle,John Huston,1950,112,This is text.,Time to choose something different:,Option 1,Option 2,Option 3,81,12,60,https://en.wikipedia.org/wiki/The_Asphalt_Jungle
156,Rififi,Jules Dassin,1955,115,This is text.,Time to choose something different:,Option 1,Option 2,Option 3,185,223,130,https://en.wikipedia.org/wiki/Rififi
157,Bob Le Flambeur,Jean-Pierre Melville,1956,98,This is text.,Time to choose something different:,Option 1,Option 2,Option 3,236,181,20,https://en.wikipedia.org/wiki/Bob_le_flambeur
158,Le Doulos,Jean-Pierre Melville,1962,108,This is text.,Time to choose something different:,Option 1,Option 2,Option 3,29,14,208,https://en.wikipedia.org/wiki/Le_Doulos
159,Jackie Brown,Quentin Tarantino,1997,154,This is text.,Time to choose something different:,Option 1,Option 2,Option 3,175,46,171,https://en.wikipedia.org/wiki/Jackie_Brown
160,Daisies,Věra Chytilová,1966,74,This is text.,Time to choose something different:,Option 1,Option 2,Option 3,75,195,93,https://en.wikipedia.org/wiki/Daisies_(film)
161,Funeral Parade of Roses,Toshio Matsumoto,1969,105,This is text.,Time to choose something different:,Option 1,Option 2,Option 3,110,83,97,https://en.wikipedia.org/wiki/Funeral_Parade_of_Roses
162,The Color of Pomegranates,Sergei Parajanov,1969,79,This is text.,Time to choose something different:,Option 1,Option 2,Option 3,244,73,245,https://en.wikipedia.org/wiki/The_Color_of_Pomegranates
163,Latcho Drom,Tony Gatlif,1993,103,This is text.,Time to choose something different:,Option 1,Option 2,Option 3,79,225,85,https://en.wikipedia.org/wiki/Latcho_Drom
164,Ten Things I Hate About You,Gil Junger,1999,97,This is text.,Time to choose something different:,Option 1,Option 2,Option 3,227,71,196,https://en.wikipedia.org/wiki/10_Things_I_Hate_About_You
165,Clueless,Amy Heckerling,1995,97,This is text.,Time to choose something different:,Option 1,Option 2,Option 3,27,11,120,https://en.wikipedia.org/wiki/Clueless
166,Hiroshima Mon Amour,Alain Resnais,1959,88,This is text.,Time to choose something different:,Option 1,Option 2,Option 3,128,30,116,https://en.wikipedia.org/wiki/Hiroshima_mon_amour
167,Night and Fog,Alain Resnais,1956,32,This is text.,Time to choose something different:,Option 1,Option 2,Option 3,57,235,191,https://en.wikipedia.org/wiki/Night_and_Fog_(1956_film)
168,Mauvais Sang,Leos Carax,1986,116,This is text.,Time to choose something different:,Option 1,Option 2,Option 3,165,54,217,https://en.wikipedia.org/wiki/Mauvais_Sang
169,The Rules of the Game,Jean Renoir,1939,110,This is text.,Time to choose something different:,Option 1,Option 2,Option 3,195,44,51,https://en.wikipedia.org/wiki/The_Rules_of_the_Game
170,Wings of Desire,Wim Wenders,1987,127,This is text.,Time to choose something different:,Option 1,Option 2,Option 3,85,229,165,https://en.wikipedia.org/wiki/Wings_of_Desire
171,The Battle of Algiers,Gillo Pontecorvo,1966,121,This is text.,Time to choose something different:,Option 1,Option 2,Option 3,158,216,89,https://en.wikipedia.org/wiki/The_Battle_of_Algiers
172,Bottle Rocket,Wes Anderson,1996,91,This is text.,Time to choose something different:,Option 1,Option 2,Option 3,138,156,53,https://en.wikipedia.org/wiki/Bottle_Rocket
173,Quadrophenia,Franc Roddam,1979,117,This is text.,Time to choose something different:,Option 1,Option 2,Option 3,231,183,219,https://en.wikipedia.org/wiki/Quadrophenia_(film)
174,L'Insoumis,Alain Cavalier,1964,115,This is text.,Time to choose something different:,Option 1,Option 2,Option 3,208,191,228,https://en.wikipedia.org/wiki/The_Unvanquished_(film)
175,Four Adventures of Reinette and Mirabelle,Éric Rohmer,1987,99,This is text.,Time to choose something different:,Option 1,Option 2,Option 3,142,80,173,https://en.wikipedia.org/wiki/Four_Adventures_of_Reinette_and_Mirabelle
176,The Nun (La Religieuse),Jacques Rivette,1966,140,This is text.,Time to choose something different:,Option 1,Option 2,Option 3,111,132,215,https://en.wikipedia.org/wiki/The_Nun_(1966_film)
177,Celine and Julie Go Boating,Jacques Rivette,1974,193,This is text.,Time to choose something different:,Option 1,Option 2,Option 3,125,184,193,https://en.wikipedia.org/wiki/C%C3%A9line_and_Julie_Go_Boating
178,Out 1,Jacques Rivette,1971,773,This is text.,Time to choose something different:,Option 1,Option 2,Option 3,35,158,115,https://en.wikipedia.org/wiki/Out_1
179,La Belle Noiseuse,Jacques Rivette,1991,240,This is text.,Time to choose something different:,Option 1,Option 2,Option 3,230,249,137,https://en.wikipedia.org/wiki/La_Belle_Noiseuse
180,L'Amour Fou,Jacques Rivette,1969,252,This is text.,Time to choose something different:,Option 1,Option 2,Option 3,62,75,1,https://en.wikipedia.org/wiki/L%27Amour_fou_(1969_film)
181,Paris Belongs to Us (Paris Nous Appartient),Jacques Rivette,1961,120,This is text.,Time to choose something different:,Option 1,Option 2,Option 3,200,164,61,https://en.wikipedia.org/wiki/Paris_Belongs_to_Us
182,"Jeanne Dielman, 23 Quai du Commerce, 1080 Bruxelles",Chantal Akerman,1975,198,This is text.,Time to choose something different:,Option 1,Option 2,Option 3,63,126,13,"https://en.wikipedia.org/wiki/Jeanne_Dielman,_23_quai_du_Commerce,_1080_Bruxelles"
183,Julien Donkey-Boy,Harmony Korine,1999,94,This is text.,Time to choose something different:,Option 1,Option 2,Option 3,60,66,207,https://en.wikipedia.org/wiki/Julien_Donkey-Boy
184,The Royal Tenenbaums,Wes Anderson,2001,109,This is text.,Time to choose something different:,Option 1,Option 2,Option 3,159,214,46,https://en.wikipedia.org/wiki/The_Royal_Tenenbaums
185,Desperately Seeking Susan,Susan Seidelman,1985,104,This is text.,Time to choose something different:,Option 1,Option 2,Option 3,180,170,42,https://en.wikipedia.org/wiki/Desperately_Seeking_Susan
186,Rushmore,Wes Anderson,1998,93,This is text.,Time to choose something different:,Option 1,Option 2,Option 3,161,231,92,https://en.wikipedia.org/wiki/Rushmore_(film)
187,The Life Aquatic with Steve Zissou,Wes Anderson,2004,119,This is text.,Time to choose something different:,Option 1,Option 2,Option 3,20,130,44,https://en.wikipedia.org/wiki/The_Life_Aquatic_with_Steve_Zissou
188,The Darjeeling Limited,Wes Anderson,2007,91,This is text.,Time to choose something different:,Option 1,Option 2,Option 3,116,29,109,https://en.wikipedia.org/wiki/The_Darjeeling_Limited
189,Une Femme Est Une Femme,Jean-Luc Godard,1961,84,This is text.,Time to choose something different:,Option 1,Option 2,Option 3,119,194,249,https://fr.wikipedia.org/wiki/Une_femme_est_une_femme
190,The Grand Budapest Hotel,Wes Anderson,2014,99,This is text.,Time to choose something different:,Option 1,Option 2,Option 3,18,206,141,https://en.wikipedia.org/wiki/The_Grand_Budapest_Hotel
191,Fantastic Mr. Fox,Wes Anderson,2009,88,This is text.,Time to choose something different:,Option 1,Option 2,Option 3,38,120,79,https://en.wikipedia.org/wiki/Fantastic_Mr._Fox_(film)
192,The Departed,Martin Scorsese,2006,151,This is text.,Time to choose something different:,Option 1,Option 2,Option 3,249,26,182,https://en.wikipedia.org/wiki/The_Departed
193,Bande a Parte,Jean-Luc Godard,1964,95,This is text.,Time to choose something different:,Option 1,Option 2,Option 3,223,179,126,https://en.wikipedia.org/wiki/Bande_%C3%A0_part_(film)
194,A Married Woman,Jean-Luc Godard,1964,94,This is text.,Time to choose something different:,Option 1,Option 2,Option 3,134,68,82,https://en.wikipedia.org/wiki/A_Married_Woman
195,Pierrot Le Fou,Jean-Luc Godard,1965,110,This is text.,Time to choose something different:,Option 1,Option 2,Option 3,147,62,8,https://en.wikipedia.org/wiki/Pierrot_le_Fou
196,Sois Belle et Tais Toi,Delphine Seyrig,1981,110,This is text.,Time to choose something different:,Option 1,Option 2,Option 3,6,119,34,https://en.wikipedia.org/wiki/Be_Beautiful_But_Shut_Up
197,Moonrise Kingdom,Wes Anderson,2012,94,This is text.,Time to choose something different:,Option 1,Option 2,Option 3,76,196,189,https://en.wikipedia.org/wiki/Moonrise_Kingdom
198,Trash Humpers,Harmony Korine,2009,78,This is text.,Time to choose something different:,Option 1,Option 2,Option 3,13,175,178,https://en.wikipedia.org/wiki/Trash_Humpers
199,Bluebeard (Chabrol),Claude Chabrol,1963,115,This is text.,Time to choose something different:,Option 1,Option 2,Option 3,143,36,78,https://en.wikipedia.org/wiki/Landru_(film)
200,Kids,Larry Clark,1995,91,This is text.,Time to choose something different:,Option 1,Option 2,Option 3,23,117,139,https://en.wikipedia.org/wiki/Kids_(film)
201,Elevator to the Gallows,Louis Malle,1958,93,This is text.,Time to choose something different:,Option 1,Option 2,Option 3,140,38,138,https://en.wikipedia.org/wiki/Elevator_to_the_Gallows
202,Masculin Feminin,Jean-Luc Godard,1966,110,This is text.,Time to choose something different:,Option 1,Option 2,Option 3,132,162,227,https://en.wikipedia.org/wiki/Masculin_F%C3%A9minin
203,But I'm a Cheerleader,Jamie Babbit,1999,85,This is text.,Time to choose something different:,Option 1,Option 2,Option 3,226,48,62,https://en.wikipedia.org/wiki/But_I%27m_a_Cheerleader
204,King Lear,Jean-Luc Godard,1987,90,This is text.,Time to choose something different:,Option 1,Option 2,Option 3,34,102,28,https://en.wikipedia.org/wiki/King_Lear_(1987_film)
205,Two or Three Things I Know About Her,Jean-Luc Godard,1967,90,This is text.,Time to choose something different:,Option 1,Option 2,Option 3,187,168,68,https://en.wikipedia.org/wiki/Two_or_Three_Things_I_Know_About_Her
206,Weekend,Jean-Luc Godard,1967,105,This is text.,Time to choose something different:,Option 1,Option 2,Option 3,124,108,16,https://en.wikipedia.org/wiki/Weekend_(1967_film)
207,One Plus One,Jean-Luc Godard,1968,100,This is text.,Time to choose something different:,Option 1,Option 2,Option 3,209,198,102,https://en.wikipedia.org/wiki/Sympathy_for_the_Devil_(1968_film)
208,Punch Drunk Love,Paul Thomas Anderson,2002,95,This is text.,Time to choose something different:,Option 1,Option 2,Option 3,14,173,45,https://en.wikipedia.org/wiki/Punch-Drunk_Love
209,Tout Va Bien,Jean-Luc Godard,1972,95,This is text.,Time to choose something different:,Option 1,Option 2,Option 3,246,85,107,https://en.wikipedia.org/wiki/Tout_Va_Bien
210,British Sounds,Jean-Luc Godard,1969,54,This is text.,Time to choose something different:,Option 1,Option 2,Option 3,133,160,57,https://en.wikipedia.org/wiki/British_Sounds
211,Le Petit Soldat,Jean-Luc Godard,1963,88,This is text.,Time to choose something different:,Option 1,Option 2,Option 3,100,42,111,https://en.wikipedia.org/wiki/Le_petit_soldat
212,Les Carabiniers,Jean-Luc Godard,1963,80,This is text.,Time to choose something different:,Option 1,Option 2,Option 3,222,115,214,https://en.wikipedia.org/wiki/The_Carabineers
213,The Decline of Western Civilization,Penelope Spheeris,1981,100,This is text.,Time to choose something different:,Option 1,Option 2,Option 3,89,81,59,https://en.wikipedia.org/wiki/The_Decline_of_Western_Civilization
214,What We Do Is Secret,Rodger Grossman,2007,92,This is text.,Time to choose something different:,Option 1,Option 2,Option 3,17,84,87,https://en.wikipedia.org/wiki/What_We_Do_Is_Secret_(film)
215,Made In U.S.A.,Jean-Luc Godard,1966,90,This is text.,Time to choose something different:,Option 1,Option 2,Option 3,122,56,142,https://en.wikipedia.org/wiki/Made_in_U.S.A._(1966_film)
216,Antoine et Colette,François Truffaut,1962,32,This is text.,Time to choose something different:,Option 1,Option 2,Option 3,103,187,19,https://en.wikipedia.org/wiki/Antoine_and_Colette
217,Suburbia,Penelope Spheeris,1983,94,This is text.,Time to choose something different:,Option 1,Option 2,Option 3,59,121,101,https://en.wikipedia.org/wiki/Suburbia_(film)
218,Suburbia,Richard Linklater,1996,121,This is text.,Time to choose something different:,Option 1,Option 2,Option 3,80,105,172,https://en.wikipedia.org/wiki/SubUrbia_(film)
219,Housebound,Gerard Johnstone,2014,107,This is text.,Time to choose something different:,Option 1,Option 2,Option 3,213,49,206,https://en.wikipedia.org/wiki/Housebound_(2014_film)
220,Les Cousins,Claude Chabrol,1959,110,This is text.,Time to choose something different:,Option 1,Option 2,Option 3,207,219,199,https://en.wikipedia.org/wiki/Les_Cousins_(film)
221,24 Hour Party People,Michael Winterbottom,2002,117,This is text.,Time to choose something different:,Option 1,Option 2,Option 3,171,157,234,https://en.wikipedia.org/wiki/24_Hour_Party_People
222,Les Bonnes Femmes,Claude Chabrol,1960,100,This is text.,Time to choose something different:,Option 1,Option 2,Option 3,174,209,7,https://en.wikipedia.org/wiki/Les_Bonnes_Femmes
223,God Help the Girl,Stuart Murdoch,2014,111,This is text.,Time to choose something different:,Option 1,Option 2,Option 3,121,207,110,https://en.wikipedia.org/wiki/God_Help_the_Girl_(film)
224,Lola,Jacques Demy,1961,90,This is text.,Time to choose something different:,Option 1,Option 2,Option 3,106,148,50,https://en.wikipedia.org/wiki/Lola_(1961_film)
225,Stolen Kisses,François Truffaut,1968,90,This is text.,Time to choose something different:,Option 1,Option 2,Option 3,237,33,150,https://en.wikipedia.org/wiki/Stolen_Kisses
226,Bed and Board,François Truffaut,1970,100,This is text.,Time to choose something different:,Option 1,Option 2,Option 3,26,110,122,https://en.wikipedia.org/wiki/Bed_and_Board_(film)
227,Arrival,Denis Villeneuve,2016,116,This is text.,Time to choose something different:,Option 1,Option 2,Option 3,191,4,231,https://en.wikipedia.org/wiki/Arrival_(film)
228,The Wolf of Wall Street,Martin Scorsese,2013,180,This is text.,Time to choose something different:,Option 1,Option 2,Option 3,153,220,86,https://en.wikipedia.org/wiki/The_Wolf_of_Wall_Street_(2013_film)
229,Love on the Run,François Truffaut,1979,94,This is text.,Time to choose something different:,Option 1,Option 2,Option 3,3,53,73,https://en.wikipedia.org/wiki/Love_on_the_Run_(1979_film)
230,Boyz n the Hood,John Singleton,1991,112,This is text.,Time to choose something different:,Option 1,Option 2,Option 3,194,13,108,https://en.wikipedia.org/wiki/Boyz_n_the_Hood
231,Boyhood,Richard Linklater,2014,165,This is text.,Time to choose something different:,Option 1,Option 2,Option 3,218,246,131,https://en.wikipedia.org/wiki/Boyhood_(2014_film)
232,Shoot the Piano Player,François Truffaut,1960,92,This is text.,Time to choose something different:,Option 1,Option 2,Option 3,167,95,48,https://en.wikipedia.org/wiki/Shoot_the_Piano_Player
233,Pontypool,Bruce McDonald,2008,95,This is text.,Time to choose something different:,Option 1,Option 2,Option 3,78,153,65,https://en.wikipedia.org/wiki/Pontypool_(film)
234,Wittgenstein,Tariq Ali,1993,75,This is text.,Time to choose something different:,Option 1,Option 2,Option 3,242,165,119,https://en.wikipedia.org/wiki/Wittgenstein_(film)
235,Stop Making Sense,Jonathan Demme,1984,88,This is text.,Time to choose something different:,Option 1,Option 2,Option 3,112,222,209,https://en.wikipedia.org/wiki/Stop_Making_Sense
236,Bent,Sean Mathias,1997,108,This is text.,Time to choose something different:,Option 1,Option 2,Option 3,49,106,31,https://en.wikipedia.org/wiki/Bent_(1997_film)
237,Last Tango in Paris,Bernardo Bertolucci,1972,129,This is text.,Time to choose something different:,Option 1,Option 2,Option 3,97,238,71,https://en.wikipedia.org/wiki/Last_Tango_in_Paris
238,Being Maria,Jessica Palud,2024,100,This is text.,Time to choose something different:,Option 1,Option 2,Option 3,168,201,75,https://en.wikipedia.org/wiki/Being_Maria
239,Madame Bovary,Claude Chabrol,2014,118,This is text.,Time to choose something different:,Option 1,Option 2,Option 3,102,176,66,https://en.wikipedia.org/wiki/Madame_Bovary_(1991_film)
240,Day For Night,François Truffaut,1973,115,This is text.,Time to choose something different:,Option 1,Option 2,Option 3,155,190,186,https://en.wikipedia.org/wiki/Day_for_Night_(film)
241,Soapdish,Michael Hoffman,1991,97,This is text.,Time to choose something different:,Option 1,Option 2,Option 3,43,64,183,https://en.wikipedia.org/wiki/Soapdish
242,Kika,Pedro Almodóvar,1993,114,This is text.,Time to choose something different:,Option 1,Option 2,Option 3,188,6,99,https://en.wikipedia.org/wiki/Kika_(1993_film)
243,Zazie dans le Metro,Louis Malle,1960,89,This is text.,Time to choose something different:,Option 1,Option 2,Option 3,117,233,132,https://en.wikipedia.org/wiki/Zazie_dans_le_M%C3%A9tro
244,Holy Motors,Leos Carax,2012,115,This is text.,Time to choose something different:,Option 1,Option 2,Option 3,164,111,223,https://en.wikipedia.org/wiki/Holy_Motors
245,The Tin Drum,Volker Schlöndorff,1979,142,This is text.,Time to choose something different:,Option 1,Option 2,Option 3,12,27,237,https://en.wikipedia.org/wiki/The_Tin_Drum_(film)
246,Women on the Verge of a Nervous Breakdown,Pedro Almodóvar,1998,95,This is text.,Time to choose something different:,Option 1,Option 2,Option 3,229,23,240,https://en.wikipedia.org/wiki/Women_on_the_Verge_of_a_Nervous_Breakdown
247,Tie Me Up Tie Me Down,Pedro Almodóvar,1989,101,This is text.,Time to choose something different:,Option 1,Option 2,Option 3,170,31,243,https://en.wikipedia.org/wiki/Tie_Me_Up!_Tie_Me_Down!
248,What Have I Done To Deserve This,Pedro Almodóvar,1984,101,This is text.,Time to choose something different:,Option 1,Option 2,Option 3,193,101,94,https://en.wikipedia.org/wiki/What_Have_I_Done_to_Deserve_This%3F_(film)
249,"Pepi, Luci, Bom and Other Girls Like Mom",Pedro Almodóvar,1980,82,This is text.,Time to choose something different:,Option 1,Option 2,Option 3,82,248,74,"https://en.wikipedia.org/wiki/Pepi,_Luci,_Bom_and_Other_Girls_on_the_Heap"
250,Beware of a Holy Whore,Rainer Werner Fassbinder,1971,103,This is text.,Time to choose something different:,Option 1,Option 2,Option 3,162,152,198,https://en.wikipedia.org/wiki/Beware_of_a_Holy_Whore
